{
  "rgb": {
    "rmse": 0.2001505047082901,
    "mae": 0.1423816978931427,
    "r2": 0.5977872610092163
  },
  "rgb_per_horizon": {
    "rmse_t1": 0.2089724987745285,
    "mae_t1": 0.14949999749660492,
    "r2_t1": 0.5697879791259766,
    "rmse_t2": 0.19567564129829407,
    "mae_t2": 0.13976743817329407,
    "r2_t2": 0.6116647720336914,
    "rmse_t3": 0.20006391406059265,
    "mae_t3": 0.14003631472587585,
    "r2_t3": 0.593226432800293,
    "rmse_t4": 0.19559365510940552,
    "mae_t4": 0.14022296667099,
    "r2_t4": 0.6170299053192139
  },
  "dbm": {
    "CC2": {
      "rmse": 1.6243114471435547,
      "mae": 1.2005209922790527,
      "r2": 0.09657776355743408
    }
  }
}