{
  "rmse": 0.18652358651161194,
  "mae": 0.14697551727294922,
  "r2": -0.007808566093444824,
  "nrmse_db": 0.1104874536395073,
  "rmse_t1": 0.19662567973136902,
  "mae_t1": 0.14113616943359375,
  "r2_t1": -0.009340524673461914,
  "nrmse_db_t1": 0.1263440102338791,
  "rmse_t2": 0.1478371024131775,
  "mae_t2": 0.11615607142448425,
  "r2_t2": 0.10658854246139526,
  "nrmse_db_t2": 0.13469555974006653,
  "rmse_t3": 0.18769000470638275,
  "mae_t3": 0.1500185877084732,
  "r2_t3": 0.06000751256942749,
  "nrmse_db_t3": 0.16736024618148804,
  "rmse_t4": 0.2155577391386032,
  "mae_t4": 0.17228996753692627,
  "r2_t4": 0.01561516523361206,
  "nrmse_db_t4": 0.1539119929075241,
  "rmse_t5": 0.17936259508132935,
  "mae_t5": 0.14339996874332428,
  "r2_t5": -0.03973090648651123,
  "nrmse_db_t5": 0.18057897686958313,
  "rmse_t6": 0.18757416307926178,
  "mae_t6": 0.14944708347320557,
  "r2_t6": -0.08872520923614502,
  "nrmse_db_t6": 0.14791995286941528,
  "rmse_t7": 0.18167249858379364,
  "mae_t7": 0.14638730883598328,
  "r2_t7": -0.142419695854187,
  "nrmse_db_t7": 0.16578985750675201,
  "rmse_t8": 0.19219304621219635,
  "mae_t8": 0.1563057154417038,
  "r2_t8": -0.16334879398345947,
  "nrmse_db_t8": 0.16080917418003082,
  "rmse_t9": 0.1927444487810135,
  "mae_t9": 0.15370169281959534,
  "r2_t9": -0.05969524383544922,
  "nrmse_db_t9": 0.17000173032283783,
  "rmse_t10": 0.17678202688694,
  "mae_t10": 0.14091256260871887,
  "r2_t10": 0.0054444074630737305,
  "nrmse_db_t10": 0.140672504901886,
  "rmse_CC2": 0.18652358651161194,
  "mae_CC2": 0.14697551727294922,
  "r2_CC2": -0.007808566093444824,
  "nrmse_db_CC2": 0.1104874536395073
}