{
  "rmse": 0.18694570660591125,
  "mae": 0.1473991721868515,
  "r2": -0.012375354766845703,
  "nrmse_db": 0.11073749512434006,
  "rmse_t1": 0.1969510316848755,
  "mae_t1": 0.14134079217910767,
  "r2_t1": -0.012683629989624023,
  "nrmse_db_t1": 0.12655307352542877,
  "rmse_t2": 0.14830456674098969,
  "mae_t2": 0.11675168573856354,
  "r2_t2": 0.10092979669570923,
  "nrmse_db_t2": 0.13512146472930908,
  "rmse_t3": 0.18812890350818634,
  "mae_t3": 0.15044620633125305,
  "r2_t3": 0.05560624599456787,
  "nrmse_db_t3": 0.16775159537792206,
  "rmse_t4": 0.21600382030010223,
  "mae_t4": 0.1726691871881485,
  "r2_t4": 0.011536717414855957,
  "nrmse_db_t4": 0.1542305052280426,
  "rmse_t5": 0.17957480251789093,
  "mae_t5": 0.1437794715166092,
  "r2_t5": -0.042192697525024414,
  "nrmse_db_t5": 0.18079262971878052,
  "rmse_t6": 0.187783345580101,
  "mae_t6": 0.14952386915683746,
  "r2_t6": -0.09115493297576904,
  "nrmse_db_t6": 0.14808492362499237,
  "rmse_t7": 0.18212436139583588,
  "mae_t7": 0.14687706530094147,
  "r2_t7": -0.14810967445373535,
  "nrmse_db_t7": 0.16620221734046936,
  "rmse_t8": 0.19302456080913544,
  "mae_t8": 0.15721096098423004,
  "r2_t8": -0.1734369993209839,
  "nrmse_db_t8": 0.16150490939617157,
  "rmse_t9": 0.1928589642047882,
  "mae_t9": 0.15385383367538452,
  "r2_t9": -0.06095468997955322,
  "nrmse_db_t9": 0.17010274529457092,
  "rmse_t10": 0.17754127085208893,
  "mae_t10": 0.14153850078582764,
  "r2_t10": -0.0031167268753051758,
  "nrmse_db_t10": 0.14127665758132935,
  "rmse_CC2": 0.18694570660591125,
  "mae_CC2": 0.1473991721868515,
  "r2_CC2": -0.012375354766845703,
  "nrmse_db_CC2": 0.11073749512434006
}