{
  "overall": {
    "rmse": 0.23712408542633057,
    "mae": 0.18592706322669983,
    "r2": 0.06373059749603271
  },
  "per_node": {
    "rmse_CC2": 0.23712408542633057,
    "mae_CC2": 0.18592706322669983,
    "r2_CC2": 0.06373059749603271
  }
}