{
  "train_loss": [
    0.3996891333796296,
    0.28033853465819464
  ],
  "val_metrics": [
    {
      "rmse": 0.6402368545532227,
      "mae": 0.5054539442062378,
      "r2": -0.3629734516143799,
      "loss": 0.40990322828292847
    },
    {
      "rmse": 0.663314700126648,
      "mae": 0.5257359743118286,
      "r2": -0.4630032777786255,
      "loss": 0.43998637795448303
    }
  ]
}