{
  "overall": {
    "rmse": 1.5870532989501953,
    "mae": 1.2164666652679443
  },
  "per_horizon": {
    "t=1": {
      "rmse": 1.5493906736373901,
      "mae": 1.1827449798583984
    },
    "t=2": {
      "rmse": 1.5463820695877075,
      "mae": 1.1932982206344604
    },
    "t=3": {
      "rmse": 1.5837757587432861,
      "mae": 1.220982313156128
    },
    "t=4": {
      "rmse": 1.6068322658538818,
      "mae": 1.2514498233795166
    },
    "t=5": {
      "rmse": 1.6247801780700684,
      "mae": 1.2227882146835327
    },
    "t=6": {
      "rmse": 1.6094576120376587,
      "mae": 1.2275363206863403
    }
  },
  "per_node": {
    "CC2": {
      "rmse": 1.5870532989501953,
      "mae": 1.2164666652679443
    }
  },
  "num_test_windows": 183
}