{
  "rmse": 1.5758217573165894,
  "mae": 1.2047510147094727,
  "r2": 0.22086626291275024,
  "rmse_t1": 1.4139069318771362,
  "mae_t1": 1.1089117527008057,
  "r2_t1": 0.302778422832489,
  "rmse_t2": 1.525724172592163,
  "mae_t2": 1.1467024087905884,
  "r2_t2": 0.2153124213218689,
  "rmse_t3": 1.6998862028121948,
  "mae_t3": 1.2492080926895142,
  "r2_t3": 0.017815709114074707,
  "rmse_t4": 1.5288442373275757,
  "mae_t4": 1.1861605644226074,
  "r2_t4": 0.22252804040908813,
  "rmse_t5": 1.6295559406280518,
  "mae_t5": 1.180850625038147,
  "r2_t5": 0.23218894004821777,
  "rmse_t6": 1.6400882005691528,
  "mae_t6": 1.3566728830337524,
  "r2_t6": 0.22710436582565308,
  "rmse_CC2": 1.5758217573165894,
  "mae_CC2": 1.2047510147094727,
  "r2_CC2": 0.22086626291275024
}