{
  "train_loss": [
    2.2853820676706276
  ],
  "val_metrics": [
    {
      "rmse": 1.4131443500518799,
      "mae": 1.1272335052490234,
      "r2": 0.3899881026187799,
      "loss": 2.0449509421984353
    }
  ]
}