{
  "train_loss": [
    2.2351461089387232,
    2.209215930530003
  ],
  "val_metrics": [
    {
      "rmse": 1.4039902687072754,
      "mae": 1.1209907531738281,
      "r2": 0.39786564903463295,
      "loss": 2.017196367184321
    },
    {
      "rmse": 1.4039548635482788,
      "mae": 1.120155692100525,
      "r2": 0.3978959732379236,
      "loss": 2.0169398188591003
    }
  ]
}