{
  "train_loss": [
    0.061029478274988676,
    0.047396853247528556,
    0.04690315648913383
  ],
  "val_metrics": [
    {
      "rmse": 0.20753087103366852,
      "mae": 0.16526207327842712,
      "r2": 0.22193336486816406,
      "loss": 0.04306906639513644
    },
    {
      "rmse": 0.2109227031469345,
      "mae": 0.17192959785461426,
      "r2": 0.1962924599647522,
      "loss": 0.04448838704124545
    },
    {
      "rmse": 0.22059014439582825,
      "mae": 0.1853027641773224,
      "r2": 0.1209297776222229,
      "loss": 0.04866001247005029
    }
  ]
}