{
  "mse": 74.89503479003906,
  "rmse": 8.654191746780231,
  "mae": 6.43360710144043,
  "r2": -21.80046347184855
}