{
  "mse": 83.0855941772461,
  "rmse": 9.115129959427133,
  "mae": 6.817287921905518,
  "r2": -25.63211413974485
}