{
  "rmse": 0.610745906829834,
  "mae": 0.4689600169658661,
  "r2": -0.10854089260101318,
  "rmse_t1": 0.6035282611846924,
  "mae_t1": 0.4634680151939392,
  "r2_t1": -0.08723938465118408,
  "rmse_t2": 0.6068838834762573,
  "mae_t2": 0.4659717381000519,
  "r2_t2": -0.10132074356079102,
  "rmse_t3": 0.6095536351203918,
  "mae_t3": 0.4679834246635437,
  "r2_t3": -0.1118922233581543,
  "rmse_t4": 0.611490786075592,
  "mae_t4": 0.4689096212387085,
  "r2_t4": -0.11109983921051025,
  "rmse_t5": 0.6156618595123291,
  "mae_t5": 0.47293972969055176,
  "r2_t5": -0.1155083179473877,
  "rmse_t6": 0.6172463297843933,
  "mae_t6": 0.4744875133037567,
  "r2_t6": -0.12413358688354492,
  "rmse_CC2": 0.610745906829834,
  "mae_CC2": 0.4689600169658661,
  "r2_CC2": -0.10854089260101318
}