{
  "rmse": 0.5875463485717773,
  "mae": 0.45400524139404297,
  "r2": -0.02592337131500244,
  "rmse_t1": 0.5823907852172852,
  "mae_t1": 0.44729387760162354,
  "r2_t1": -0.012415885925292969,
  "rmse_t2": 0.578606367111206,
  "mae_t2": 0.44464969635009766,
  "r2_t2": -0.001080632209777832,
  "rmse_t3": 0.5784826874732971,
  "mae_t3": 0.4459514617919922,
  "r2_t3": -0.0014275312423706055,
  "rmse_t4": 0.5848613381385803,
  "mae_t4": 0.4522435665130615,
  "r2_t4": -0.0164339542388916,
  "rmse_t5": 0.5954817533493042,
  "mae_t5": 0.4625051021575928,
  "r2_t5": -0.0435788631439209,
  "rmse_t6": 0.6049764156341553,
  "mae_t6": 0.471387654542923,
  "r2_t6": -0.07988572120666504,
  "rmse_CC2": 0.5875463485717773,
  "mae_CC2": 0.45400524139404297,
  "r2_CC2": -0.02592337131500244
}