{
  "rmse": 0.621458113193512,
  "mae": 0.48012030124664307,
  "r2": -0.13484740257263184,
  "rmse_t1": 0.5347484350204468,
  "mae_t1": 0.4244743585586548,
  "r2_t1": -0.02104806900024414,
  "rmse_t2": 0.5359794497489929,
  "mae_t2": 0.410982221364975,
  "r2_t2": -0.001415252685546875,
  "rmse_t3": 0.5608968138694763,
  "mae_t3": 0.4157100319862366,
  "r2_t3": -0.033259034156799316,
  "rmse_t4": 0.6223475337028503,
  "mae_t4": 0.4979172945022583,
  "r2_t4": -0.20480561256408691,
  "rmse_t5": 0.6569402813911438,
  "mae_t5": 0.4971241354942322,
  "r2_t5": -0.11709296703338623,
  "rmse_t6": 0.7813699245452881,
  "mae_t6": 0.6345139145851135,
  "r2_t6": -0.4995461702346802,
  "rmse_CC2": 0.621458113193512,
  "mae_CC2": 0.48012030124664307,
  "r2_CC2": -0.13484740257263184
}