{
  "overall_rmse": 0.588394284248352,
  "overall_mae": 0.454639196395874,
  "overall_r2": -0.0173037052154541,
  "rmse_t1": 0.5349591970443726,
  "mae_t1": 0.41519856452941895,
  "r2_t1": -0.021852970123291016,
  "rmse_t2": 0.5801137685775757,
  "mae_t2": 0.4398578703403473,
  "r2_t2": -0.1731250286102295,
  "rmse_t3": 0.6146876215934753,
  "mae_t3": 0.4635346531867981,
  "r2_t3": -0.2409440279006958,
  "rmse_t4": 0.5716819763183594,
  "mae_t4": 0.4431639015674591,
  "r2_t4": -0.016623258590698242,
  "rmse_t5": 0.5927396416664124,
  "mae_t5": 0.4468398988246918,
  "r2_t5": 0.09057801961898804,
  "rmse_t6": 0.6312940716743469,
  "mae_t6": 0.5192405581474304,
  "r2_t6": 0.02116405963897705,
  "rmse_CC2": 0.588394284248352,
  "mae_CC2": 0.454639196395874,
  "r2_CC2": -0.0173037052154541,
  "h1_rmse": 0.5349591970443726,
  "h1_mae": 0.41519856452941895,
  "h1_r2": -0.021852970123291016,
  "h3_rmse": 0.6146876215934753,
  "h3_mae": 0.4635346531867981,
  "h3_r2": -0.2409440279006958,
  "h6_rmse": 0.6312940716743469,
  "h6_mae": 0.5192405581474304,
  "h6_r2": 0.02116405963897705
}