{
  "rmse": 1.5799541473388672,
  "mae": 1.2092969417572021,
  "r2": 0.21974143377872835,
  "rmse_t1": 1.5430165529251099,
  "mae_t1": 1.1852670907974243,
  "r2_t1": 0.25222152547221344,
  "rmse_t2": 1.5478028059005737,
  "mae_t2": 1.1892688274383545,
  "r2_t2": 0.2488789278483854,
  "rmse_t3": 1.5876492261886597,
  "mae_t3": 1.2209798097610474,
  "r2_t3": 0.2125212703618773,
  "rmse_t4": 1.5827561616897583,
  "mae_t4": 1.2088713645935059,
  "r2_t4": 0.2205110441681175,
  "rmse_t5": 1.6062785387039185,
  "mae_t5": 1.2270395755767822,
  "r2_t5": 0.19522903030111605,
  "rmse_t6": 1.6109195947647095,
  "mae_t6": 1.2243560552597046,
  "r2_t6": 0.1891474638518803,
  "rmse_CC2": 1.5799541473388672,
  "mae_CC2": 1.2092969417572021,
  "r2_CC2": 0.21974143377872835
}