{
  "rmse": 1.5870532989501953,
  "mae": 1.2164666652679443,
  "r2": 0.21271383794299137,
  "rmse_t1": 1.5493906736373901,
  "mae_t1": 1.1827449798583984,
  "r2_t1": 0.2460306878475389,
  "rmse_t2": 1.5463820695877075,
  "mae_t2": 1.1932982206344604,
  "r2_t2": 0.25025720572222554,
  "rmse_t3": 1.5837757587432861,
  "mae_t3": 1.220982313156128,
  "r2_t3": 0.21635905821863965,
  "rmse_t4": 1.6068322658538818,
  "mae_t4": 1.2514498233795166,
  "r2_t4": 0.196616223462165,
  "rmse_t5": 1.6247801780700684,
  "mae_t5": 1.2227882146835327,
  "r2_t5": 0.17658308383837173,
  "rmse_t6": 1.6094576120376587,
  "mae_t6": 1.2275363206863403,
  "r2_t6": 0.19061846874420274,
  "rmse_CC2": 1.5870532989501953,
  "mae_CC2": 1.2164666652679443,
  "r2_CC2": 0.21271383794299137
}