{
  "rmse": 1.578292727470398,
  "mae": 1.207375168800354,
  "r2": 0.22138158096069416,
  "rmse_t1": 1.5446642637252808,
  "mae_t1": 1.1838489770889282,
  "r2_t1": 0.25062364255311154,
  "rmse_t2": 1.5452853441238403,
  "mae_t2": 1.186228632926941,
  "r2_t2": 0.2513202941525938,
  "rmse_t3": 1.5797122716903687,
  "mae_t3": 1.2130749225616455,
  "r2_t3": 0.2203750860524577,
  "rmse_t4": 1.5846930742263794,
  "mae_t4": 1.2100632190704346,
  "r2_t4": 0.21860206212786226,
  "rmse_t5": 1.6035780906677246,
  "mae_t5": 1.2255380153656006,
  "r2_t5": 0.197932631285212,
  "rmse_t6": 1.610573172569275,
  "mae_t6": 1.2254977226257324,
  "r2_t6": 0.18949615321207935,
  "rmse_CC2": 1.578292727470398,
  "mae_CC2": 1.207375168800354,
  "r2_CC2": 0.22138158096069416
}