{
  "overall": {
    "rmse": 0.29129067063331604,
    "mae": 0.2189951092004776,
    "r2": 0.4597863554954529
  },
  "per_node": {
    "rmse_CC1": 0.27132830023765564,
    "mae_CC1": 0.20223651826381683,
    "r2_CC1": 0.169958233833313,
    "rmse_CC2": 0.2314470112323761,
    "mae_CC2": 0.1801600158214569,
    "r2_CC2": 0.11058312654495239,
    "rmse_LW1": 0.35688093304634094,
    "mae_LW1": 0.27458882331848145,
    "r2_LW1": 0.3445660471916199
  }
}