epoch,train_loss,val_loss
1,0.0228177253655223,0.026339763793883857
2,0.022608159071224116,0.026209769054910556
3,0.022555798609712827,0.026054967226365865
4,0.022525827039723518,0.026011254367455418
5,0.022501812061470568,0.025986397620500985
6,0.022481117671989542,0.026023408913679717
7,0.022467316709933478,0.026012591070542903
8,0.022450974417440317,0.025925935785375578
9,0.022439290039742852,0.025943904010168578
10,0.022428466450050647,0.02591450018860863
