{
  "train_loss": [
    0.09064990100521726,
    0.07802418575901066
  ],
  "val_metrics": [
    {
      "rmse": 0.2504401206970215,
      "mae": 0.19000458717346191,
      "r2": 0.6269791126251221,
      "loss": 0.06272025255079802
    },
    {
      "rmse": 0.24655255675315857,
      "mae": 0.1828533411026001,
      "r2": 0.6384700536727905,
      "loss": 0.06078816356543962
    }
  ]
}